{
  "final_results": {
    "mse": 91.3350601196289,
    "rmse": 9.55693780034321,
    "mae": 7.8237762451171875,
    "r2": 0.5309637784957886
  },
  "model_config": {
    "bert_model_name": "DeepChem/ChemBERTa-77M-MTR",
    "max_seq_length": 128,
    "dropout": 0.2,
    "phys_dim": 5,
    "freeze_backbone": false
  },
  "training_config": {
    "batch_size": 32,
    "num_epochs": 10,
    "learning_rate": 0.0001,
    "weight_decay": 0.0001,
    "train_ratio": 0.9
  },
  "dataset_name": "AM-I-filtered_with_labels_k4_train.csv",
  "train_losses": [
    0.7155062473372907,
    0.47114163795054353,
    0.3884363412264957,
    0.3287937968771979,
    0.3071610229398241,
    0.28858056240129154,
    0.27096488030738386,
    0.2668477776429511,
    0.2517926137376305,
    0.24239039046085434
  ],
  "val_losses": [
    0.7122605681419373,
    0.6583669662475586,
    0.6240761518478394,
    0.594136369228363,
    0.5578331828117371,
    0.6257918953895569,
    0.5720817565917968,
    0.5311968088150024,
    0.5730557441711426,
    0.4616751730442047
  ]
}